X,Y,Name,Description
-82.425209,31.809192,Appling Pre-Release Center,"<div>Facility type: State</div><div>Geoid: <a href=""http://www.prisonersofthecensus.org/data/2010blocks/130019502002013/"">130019502002013</a></div><div>County: Appling County</div><div>2010 Correctional Population: 207</div>"
-82.358399,31.784999,Appling County Sheriff's Dept,"<div>Facility type: Local</div><div>Geoid: <a href=""http://www.prisonersofthecensus.org/data/2010blocks/130019502002054/"">130019502002054</a></div><div>County: Appling County</div><div>2010 Correctional Population: 62</div>"
-82.85349,31.295719,Atkinson County Jail,"<div>Facility type: Local</div><div>Geoid: <a href=""http://www.prisonersofthecensus.org/data/2010blocks/130039602003056/"">130039602003056</a></div><div>County: Atkinson County</div><div>2010 Correctional Population: 11</div>"
-82.468082,31.544205,Bacon County Jail,"<div>Facility type: Local</div><div>Geoid: <a href=""http://www.prisonersofthecensus.org/data/2010blocks/130059702013053/"">130059702013053</a></div><div>County: Bacon County</div><div>2010 Correctional Population: 48</div>"
-82.452366,31.535537,Bacon Probation Detention Center,"<div>Facility type: State</div><div>Geoid: <a href=""http://www.prisonersofthecensus.org/data/2010blocks/130059702022004/"">130059702022004</a></div><div>County: Bacon County</div><div>2010 Correctional Population: 190</div><div>Comment: &quot;A probation detention center (PDC) is a minimum security facility for confining probationers.&quot;</div>"
-83.400391,33.079859,Men's Correctional State Prison,"<div>Facility type: State</div><div>Geoid: <a href=""http://www.prisonersofthecensus.org/data/2010blocks/130099705003060/"">130099705003060</a></div><div>County: Baldwin County</div><div>2010 Correctional Population: 667</div><div>Comment: Closed December 2010 (after Census)</div>"
-83.22038,33.044235,Bostick State Prison,"<div>Facility type: State</div><div>Geoid: <a href=""http://www.prisonersofthecensus.org/data/2010blocks/130099707022045/"">130099707022045</a></div><div>County: Baldwin County</div><div>2010 Correctional Population: 347</div><div>Comment: Closed May 2010 (after the Census)</div>"
-83.221061,33.024995,Baldwin State Prison,"<div>Facility type: State</div><div>Geoid: <a href=""http://www.prisonersofthecensus.org/data/2010blocks/130099708001021/"">130099708001021</a></div><div>County: Baldwin County</div><div>2010 Correctional Population: 880</div>"
-84.778241,34.191399,Bartow County Jail,"<div>Facility type: Local</div><div>Geoid: <a href=""http://www.prisonersofthecensus.org/data/2010blocks/130159604023060/"">130159604023060</a></div><div>County: Bartow County</div><div>2010 Correctional Population: 594</div>"
-83.257693,31.698068,Ben Hill County Jail,"<div>Facility type: Local</div><div>Geoid: <a href=""http://www.prisonersofthecensus.org/data/2010blocks/130179605003040/"">130179605003040</a></div><div>County: Ben Hill County</div><div>2010 Correctional Population: 110</div>"
-83.263528,31.194409,Berrien County Jail,"<div>Facility type: Local</div><div>Geoid: <a href=""http://www.prisonersofthecensus.org/data/2010blocks/130199703002027/"">130199703002027</a></div><div>County: Berrien County</div><div>2010 Correctional Population: 61</div>"
-83.742369,32.784127,Central State Prison,"<div>Facility type: State</div><div>Geoid: <a href=""http://www.prisonersofthecensus.org/data/2010blocks/130210136032046/"">130210136032046</a></div><div>County: Bibb County</div><div>2010 Correctional Population: 890</div>"
-83.632201,32.832041,Dismas House of Macon,"<div>Facility type: Private</div><div>Geoid: <a href=""http://www.prisonersofthecensus.org/data/2010blocks/130210137001141/"">130210137001141</a></div><div>County: Bibb County</div><div>2010 Correctional Population: 33</div>"
-83.636682,32.829938,Bibb county Law Enforcement Center,"<div>Facility type: Local</div><div>Geoid: <a href=""http://www.prisonersofthecensus.org/data/2010blocks/130210137001167/"">130210137001167</a></div><div>County: Bibb County</div><div>2010 Correctional Population: 889</div>"
-83.637984,32.815145,Macon Diversity Center,"<div>Facility type: State</div><div>Geoid: <a href=""http://www.prisonersofthecensus.org/data/2010blocks/130210139001104/"">130210139001104</a></div><div>County: Bibb County</div><div>2010 Correctional Population: 154</div>"
-83.35306,32.415041,Bleckley County Jail,"<div>Facility type: Local</div><div>Geoid: <a href=""http://www.prisonersofthecensus.org/data/2010blocks/130237902001076/"">130237902001076</a></div><div>County: Bleckley County</div><div>2010 Correctional Population: 51</div>"
-83.378012,32.41597,Bleckley County Probations Center,"<div>Facility type: Local</div><div>Geoid: <a href=""http://www.prisonersofthecensus.org/data/2010blocks/130237902002000/"">130237902002000</a></div><div>County: Bleckley County</div><div>2010 Correctional Population: 122</div>"
-81.763253,32.472692,Bullock County Correctional Institution and Bulloch County Jail,"<div>Facility type: Local</div><div>Geoid: <a href=""http://www.prisonersofthecensus.org/data/2010blocks/130311102006020/"">130311102006020</a></div><div>County: Bulloch County</div><div>2010 Correctional Population: 505</div>"
-81.995892,33.076565,Burke County Jail,"<div>Facility type: Local</div><div>Geoid: <a href=""http://www.prisonersofthecensus.org/data/2010blocks/130339505002050/"">130339505002050</a></div><div>County: Burke County</div><div>2010 Correctional Population: 115</div>"
-83.948451,33.302134,Butts County Detention Center,"<div>Facility type: Local</div><div>Geoid: <a href=""http://www.prisonersofthecensus.org/data/2010blocks/130351502001037/"">130351502001037</a></div><div>County: Butts County</div><div>2010 Correctional Population: 98</div>"
-83.965993,33.294046,Jackson City Jail,"<div>Facility type: Local</div><div>Geoid: <a href=""http://www.prisonersofthecensus.org/data/2010blocks/130351502003023/"">130351502003023</a></div><div>County: Butts County</div><div>2010 Correctional Population: 2</div>"
-84.060927,33.221201,Ga Diagnostic & Classification Center,"<div>Facility type: State</div><div>Geoid: <a href=""http://www.prisonersofthecensus.org/data/2010blocks/130351503003039/"">130351503003039</a></div><div>County: Butts County</div><div>2010 Correctional Population: 2007</div>"
-84.625803,31.544453,Calhoun State Prison,"<div>Facility type: State</div><div>Geoid: <a href=""http://www.prisonersofthecensus.org/data/2010blocks/130379501002050/"">130379501002050</a></div><div>County: Calhoun County</div><div>2010 Correctional Population: 1621</div><div>Comment: This prison is actually located in the adjacent block to the east.</div>"
-84.615418,31.539935,Calhoun State Prison,"<div>Facility type: State</div><div>Geoid: <a href=""http://www.prisonersofthecensus.org/data/2010blocks/130379501002051/"">130379501002051</a></div><div>County: Calhoun County</div><div>2010 Correctional Population: 4</div>"
-84.599952,31.538878,Calhoun County Jail,"<div>Facility type: Local</div><div>Geoid: <a href=""http://www.prisonersofthecensus.org/data/2010blocks/130379501002077/"">130379501002077</a></div><div>County: Calhoun County</div><div>2010 Correctional Population: 20</div>"
-81.721281,30.967373,Camden County Public Safety Facility,"<div>Facility type: Local</div><div>Geoid: <a href=""http://www.prisonersofthecensus.org/data/2010blocks/130390102002022/"">130390102002022</a></div><div>County: Camden County</div><div>2010 Correctional Population: 184</div>"
-81.619666,30.774734,,"<div>Facility type: </div><div>Geoid: <a href=""http://www.prisonersofthecensus.org/data/2010blocks/130390104012056/"">130390104012056</a></div><div>County: Camden County</div><div>2010 Correctional Population: 19</div>"
-82.045206,32.393156,Candler County Jail,"<div>Facility type: Local</div><div>Geoid: <a href=""http://www.prisonersofthecensus.org/data/2010blocks/130439502001006/"">130439502001006</a></div><div>County: Candler County</div><div>2010 Correctional Population: 37</div>"
-85.046909,33.568795,Carroll County Jail,"<div>Facility type: Local</div><div>Geoid: <a href=""http://www.prisonersofthecensus.org/data/2010blocks/130459107011046/"">130459107011046</a></div><div>County: Carroll County</div><div>2010 Correctional Population: 560</div>"
-85.048159,33.579013,Carroll County Correctional Institution,"<div>Facility type: State</div><div>Geoid: <a href=""http://www.prisonersofthecensus.org/data/2010blocks/130459107012052/"">130459107012052</a></div><div>County: Carroll County</div><div>2010 Correctional Population: 216</div>"
-85.133994,34.92911,Catoosa County Jail,"<div>Facility type: Local</div><div>Geoid: <a href=""http://www.prisonersofthecensus.org/data/2010blocks/130470302012042/"">130470302012042</a></div><div>County: Catoosa County</div><div>2010 Correctional Population: 181</div>"
-81.969157,30.833617,D. Ray James Prison,"<div>Facility type: Private</div><div>Geoid: <a href=""http://www.prisonersofthecensus.org/data/2010blocks/130490101002406/"">130490101002406</a></div><div>County: Charlton County</div><div>2010 Correctional Population: 1646</div><div>Comment: Geo Group - Contract with Federal Bureau of Prisons &amp; U.S. Marshals Service</div>"
-81.113738,32.077511,Coastal Transitional Center,"<div>Facility type: State</div><div>Geoid: <a href=""http://www.prisonersofthecensus.org/data/2010blocks/130510006014015/"">130510006014015</a></div><div>County: Chatham County</div><div>2010 Correctional Population: 258</div>"
-81.168176,32.060847,Chatham County Adult Detention Center,"<div>Facility type: Local</div><div>Geoid: <a href=""http://www.prisonersofthecensus.org/data/2010blocks/130510105013018/"">130510105013018</a></div><div>County: Chatham County</div><div>2010 Correctional Population: 1632</div>"
-81.186978,32.138307,Coastal State Prison,"<div>Facility type: State</div><div>Geoid: <a href=""http://www.prisonersofthecensus.org/data/2010blocks/130510107001278/"">130510107001278</a></div><div>County: Chatham County</div><div>2010 Correctional Population: 1621</div>"
-85.34871,34.480189,Chattooga County Jail,"<div>Facility type: Local</div><div>Geoid: <a href=""http://www.prisonersofthecensus.org/data/2010blocks/130550104003009/"">130550104003009</a></div><div>County: Chattooga County</div><div>2010 Correctional Population: 84</div>"
-85.311563,34.508113,Hays State Prison,"<div>Facility type: State</div><div>Geoid: <a href=""http://www.prisonersofthecensus.org/data/2010blocks/130550105002002/"">130550105002002</a></div><div>County: Chattooga County</div><div>2010 Correctional Population: 1664</div>"
-84.47781,34.199001,Cherokee County Jail,"<div>Facility type: Local</div><div>Geoid: <a href=""http://www.prisonersofthecensus.org/data/2010blocks/130570906012054/"">130570906012054</a></div><div>County: Cherokee County</div><div>2010 Correctional Population: 553</div>"
-84.38767,34.121327,,"<div>Facility type: </div><div>Geoid: <a href=""http://www.prisonersofthecensus.org/data/2010blocks/130570908022008/"">130570908022008</a></div><div>County: Cherokee County</div><div>2010 Correctional Population: 4</div>"
-83.327592,33.948158,Clarke County Jail,"<div>Facility type: Local</div><div>Geoid: <a href=""http://www.prisonersofthecensus.org/data/2010blocks/130591405001037/"">130591405001037</a></div><div>County: Clarke County</div><div>2010 Correctional Population: 431</div>"
-84.390791,33.622814,Clayton Transitional Center and Clayton Diversion Center,"<div>Facility type: State</div><div>Geoid: <a href=""http://www.prisonersofthecensus.org/data/2010blocks/130630403081078/"">130630403081078</a></div><div>County: Clayton County</div><div>2010 Correctional Population: 329</div>"
-84.307663,33.446889,Clayton County Prison,"<div>Facility type: Local</div><div>Geoid: <a href=""http://www.prisonersofthecensus.org/data/2010blocks/130630406061032/"">130630406061032</a></div><div>County: Clayton County</div><div>2010 Correctional Population: 215</div>"
-84.309757,33.436717,Robert A. Dayton Detention Facility,"<div>Facility type: Federal</div><div>Geoid: <a href=""http://www.prisonersofthecensus.org/data/2010blocks/130630406062002/"">130630406062002</a></div><div>County: Clayton County</div><div>2010 Correctional Population: 586</div>"
-84.359893,33.507347,Clayton County Jail,"<div>Facility type: Local</div><div>Geoid: <a href=""http://www.prisonersofthecensus.org/data/2010blocks/130630406123040/"">130630406123040</a></div><div>County: Clayton County</div><div>2010 Correctional Population: 1776</div>"
-82.749906,31.038071,Clinch County Jail,"<div>Facility type: Local</div><div>Geoid: <a href=""http://www.prisonersofthecensus.org/data/2010blocks/130659701004037/"">130659701004037</a></div><div>County: Clinch County</div><div>2010 Correctional Population: 29</div>"
-84.660353,34.060344,Acworth City Jail,"<div>Facility type: Local</div><div>Geoid: <a href=""http://www.prisonersofthecensus.org/data/2010blocks/130670301032014/"">130670301032014</a></div><div>County: Cobb County</div><div>2010 Correctional Population: 16</div>"
-84.623982,34.021166,Kennesaw City Jail,"<div>Facility type: Local</div><div>Geoid: <a href=""http://www.prisonersofthecensus.org/data/2010blocks/130670302152010/"">130670302152010</a></div><div>County: Cobb County</div><div>2010 Correctional Population: 10</div>"
-84.579926,33.90962,Cobb County Work Release Center,"<div>Facility type: State</div><div>Geoid: <a href=""http://www.prisonersofthecensus.org/data/2010blocks/130670309051008/"">130670309051008</a></div><div>County: Cobb County</div><div>2010 Correctional Population: 258</div>"
-84.577741,33.908079,Cobb County Sheriff's Office Jail and Prison Unit,"<div>Facility type: Local</div><div>Geoid: <a href=""http://www.prisonersofthecensus.org/data/2010blocks/130670309051010/"">130670309051010</a></div><div>County: Cobb County</div><div>2010 Correctional Population: 2085</div>"
-84.517711,33.88792,Smyrna City Jail,"<div>Facility type: Local</div><div>Geoid: <a href=""http://www.prisonersofthecensus.org/data/2010blocks/130670311012015/"">130670311012015</a></div><div>County: Cobb County</div><div>2010 Correctional Population: 47</div>"
-84.590172,33.852548,,"<div>Facility type: </div><div>Geoid: <a href=""http://www.prisonersofthecensus.org/data/2010blocks/130670314061011/"">130670314061011</a></div><div>County: Cobb County</div><div>2010 Correctional Population: 3</div>"
-82.638502,31.527581,Coffee Correctional Facility- CCA,"<div>Facility type: Private</div><div>Geoid: <a href=""http://www.prisonersofthecensus.org/data/2010blocks/130690103002054/"">130690103002054</a></div><div>County: Coffee County</div><div>2010 Correctional Population: 1893</div>"
-82.852136,31.507352,Coffee County Jail,"<div>Facility type: Local</div><div>Geoid: <a href=""http://www.prisonersofthecensus.org/data/2010blocks/130690107003013/"">130690107003013</a></div><div>County: Coffee County</div><div>2010 Correctional Population: 264</div>"
-83.760934,31.181412,Colquitt County Jail,"<div>Facility type: Local</div><div>Geoid: <a href=""http://www.prisonersofthecensus.org/data/2010blocks/130719704003004/"">130719704003004</a></div><div>County: Colquitt County</div><div>2010 Correctional Population: 217</div>"
-83.707209,31.142145,Colquitt County Correctional Institution,"<div>Facility type: Local</div><div>Geoid: <a href=""http://www.prisonersofthecensus.org/data/2010blocks/130719706001016/"">130719706001016</a></div><div>County: Colquitt County</div><div>2010 Correctional Population: 189</div>"
-82.302554,33.540913,Columbia County Detention Center,"<div>Facility type: Local</div><div>Geoid: <a href=""http://www.prisonersofthecensus.org/data/2010blocks/130730304021013/"">130730304021013</a></div><div>County: Columbia County</div><div>2010 Correctional Population: 261</div>"
-84.785865,33.381577,Coweta County Jail,"<div>Facility type: Local</div><div>Geoid: <a href=""http://www.prisonersofthecensus.org/data/2010blocks/130771703052035/"">130771703052035</a></div><div>County: Coweta County</div><div>2010 Correctional Population: 377</div>"
-83.995336,32.721173,Crawford County Jail,"<div>Facility type: Local</div><div>Geoid: <a href=""http://www.prisonersofthecensus.org/data/2010blocks/130790701001085/"">130790701001085</a></div><div>County: Crawford County</div><div>2010 Correctional Population: 15</div>"
-83.81373,31.923628,Crisp County Jail,"<div>Facility type: Local</div><div>Geoid: <a href=""http://www.prisonersofthecensus.org/data/2010blocks/130810102012017/"">130810102012017</a></div><div>County: Crisp County</div><div>2010 Correctional Population: 197</div>"
-85.51005,34.872463,Dade County Jail,"<div>Facility type: Local</div><div>Geoid: <a href=""http://www.prisonersofthecensus.org/data/2010blocks/130830401012121/"">130830401012121</a></div><div>County: Dade County</div><div>2010 Correctional Population: 94</div>"
-84.119811,34.4217,Dawson County Jail,"<div>Facility type: Local</div><div>Geoid: <a href=""http://www.prisonersofthecensus.org/data/2010blocks/130859701002132/"">130859701002132</a></div><div>County: Dawson County</div><div>2010 Correctional Population: 137</div>"
-84.631346,30.984085,Bainbridge Substance Abuse Treatment Center,"<div>Facility type: State</div><div>Geoid: <a href=""http://www.prisonersofthecensus.org/data/2010blocks/130879703001009/"">130879703001009</a></div><div>County: Decatur County</div><div>2010 Correctional Population: 385</div>"
-84.601511,30.906376,Decatur County Jail,"<div>Facility type: Local</div><div>Geoid: <a href=""http://www.prisonersofthecensus.org/data/2010blocks/130879703002094/"">130879703002094</a></div><div>County: Decatur County</div><div>2010 Correctional Population: 146</div>"
-84.611866,30.903951,Decatur County Correctional Institution,"<div>Facility type: Local</div><div>Geoid: <a href=""http://www.prisonersofthecensus.org/data/2010blocks/130879703002101/"">130879703002101</a></div><div>County: Decatur County</div><div>2010 Correctional Population: 284</div>"
-84.244489,33.773695,Dekalb County Jail,"<div>Facility type: Local</div><div>Geoid: <a href=""http://www.prisonersofthecensus.org/data/2010blocks/130890231151008/"">130890231151008</a></div><div>County: DeKalb County</div><div>2010 Correctional Population: 3219</div>"
-84.201358,33.775222,,"<div>Facility type: </div><div>Geoid: <a href=""http://www.prisonersofthecensus.org/data/2010blocks/130890232043000/"">130890232043000</a></div><div>County: DeKalb County</div><div>2010 Correctional Population: 3</div>"
-84.335694,33.6938,Metro Regional Youth Detention,"<div>Facility type: State</div><div>Geoid: <a href=""http://www.prisonersofthecensus.org/data/2010blocks/130890238022006/"">130890238022006</a></div><div>County: DeKalb County</div><div>2010 Correctional Population: 168</div>"
-84.334599,33.68626,Metro State Prison,"<div>Facility type: State</div><div>Geoid: <a href=""http://www.prisonersofthecensus.org/data/2010blocks/130890238022022/"">130890238022022</a></div><div>County: DeKalb County</div><div>2010 Correctional Population: 1065</div><div>Comment: Closed April 2010 (after Census)</div>"
-83.158952,32.397541,Dodge State Prison,"<div>Facility type: State</div><div>Geoid: <a href=""http://www.prisonersofthecensus.org/data/2010blocks/130919601001025/"">130919601001025</a></div><div>County: Dodge County</div><div>2010 Correctional Population: 1232</div>"
-83.175743,32.201717,Dodge County Jail,"<div>Facility type: Local</div><div>Geoid: <a href=""http://www.prisonersofthecensus.org/data/2010blocks/130919602002042/"">130919602002042</a></div><div>County: Dodge County</div><div>2010 Correctional Population: 76</div>"
-83.715581,32.27906,Dooly State Prison,"<div>Facility type: State</div><div>Geoid: <a href=""http://www.prisonersofthecensus.org/data/2010blocks/130939701001010/"">130939701001010</a></div><div>County: Dooly County</div><div>2010 Correctional Population: 1764</div>"
-83.75533,32.190853,Dooly County Jail,"<div>Facility type: Local</div><div>Geoid: <a href=""http://www.prisonersofthecensus.org/data/2010blocks/130939701003051/"">130939701003051</a></div><div>County: Dooly County</div><div>2010 Correctional Population: 133</div>"
-84.119944,31.593385,Dougherty County Jail,"<div>Facility type: Local</div><div>Geoid: <a href=""http://www.prisonersofthecensus.org/data/2010blocks/130950103023023/"">130950103023023</a></div><div>County: Dougherty County</div><div>2010 Correctional Population: 829</div>"
-84.150299,31.580387,Albany Diversion Center,"<div>Facility type: State</div><div>Geoid: <a href=""http://www.prisonersofthecensus.org/data/2010blocks/130950114002004/"">130950114002004</a></div><div>County: Dougherty County</div><div>2010 Correctional Population: 154</div>"
-84.724101,33.748449,,"<div>Facility type: </div><div>Geoid: <a href=""http://www.prisonersofthecensus.org/data/2010blocks/130970803041003/"">130970803041003</a></div><div>County: Douglas County</div><div>2010 Correctional Population: 5</div>"
-84.752736,33.745104,Douglas County Jail,"<div>Facility type: Local</div><div>Geoid: <a href=""http://www.prisonersofthecensus.org/data/2010blocks/130970803042024/"">130970803042024</a></div><div>County: Douglas County</div><div>2010 Correctional Population: 798</div>"
-84.92846,31.363365,Early County Jail,"<div>Facility type: Local</div><div>Geoid: <a href=""http://www.prisonersofthecensus.org/data/2010blocks/130990904003012/"">130990904003012</a></div><div>County: Early County</div><div>2010 Correctional Population: 47</div>"
-81.315173,32.366783,Effingham County Prison,"<div>Facility type: Local</div><div>Geoid: <a href=""http://www.prisonersofthecensus.org/data/2010blocks/131030302031003/"">131030302031003</a></div><div>County: Effingham County</div><div>2010 Correctional Population: 495</div>"
-82.869997,34.110801,Elbert County Jail,"<div>Facility type: Local</div><div>Geoid: <a href=""http://www.prisonersofthecensus.org/data/2010blocks/131050004003005/"">131050004003005</a></div><div>County: Elbert County</div><div>2010 Correctional Population: 50</div>"
-82.162332,32.572082,Emanuel Probation Detention Center,"<div>Facility type: State</div><div>Geoid: <a href=""http://www.prisonersofthecensus.org/data/2010blocks/131079701003054/"">131079701003054</a></div><div>County: Emanuel County</div><div>2010 Correctional Population: 267</div>"
-82.357419,32.613308,Emanuel Transitional Center,"<div>Facility type: State</div><div>Geoid: <a href=""http://www.prisonersofthecensus.org/data/2010blocks/131079704001091/"">131079704001091</a></div><div>County: Emanuel County</div><div>2010 Correctional Population: 217</div>"
-82.369335,32.604947,Emanuel County Jail,"<div>Facility type: Local</div><div>Geoid: <a href=""http://www.prisonersofthecensus.org/data/2010blocks/131079704001097/"">131079704001097</a></div><div>County: Emanuel County</div><div>2010 Correctional Population: 118</div>"
-81.904874,32.167011,Smith Transitional Center,"<div>Facility type: State</div><div>Geoid: <a href=""http://www.prisonersofthecensus.org/data/2010blocks/131099703001022/"">131099703001022</a></div><div>County: Evans County</div><div>2010 Correctional Population: 353</div>"
-81.907611,32.161675,Evans County Jail,"<div>Facility type: Local</div><div>Geoid: <a href=""http://www.prisonersofthecensus.org/data/2010blocks/131099703001045/"">131099703001045</a></div><div>County: Evans County</div><div>2010 Correctional Population: 18</div>"
-84.327055,34.864218,Fannin County Jail,"<div>Facility type: Local</div><div>Geoid: <a href=""http://www.prisonersofthecensus.org/data/2010blocks/131110504004055/"">131110504004055</a></div><div>County: Fannin County</div><div>2010 Correctional Population: 55</div>"
-84.451232,33.441004,Fayette County Jail,"<div>Facility type: Local</div><div>Geoid: <a href=""http://www.prisonersofthecensus.org/data/2010blocks/131131404073010/"">131131404073010</a></div><div>County: Fayette County</div><div>2010 Correctional Population: 287</div>"
-85.14148,34.280491,Floyd County Jail,"<div>Facility type: Local</div><div>Geoid: <a href=""http://www.prisonersofthecensus.org/data/2010blocks/131150006002084/"">131150006002084</a></div><div>County: Floyd County</div><div>2010 Correctional Population: 653</div>"
-85.200732,34.219359,Floyd County Prison,"<div>Facility type: Local</div><div>Geoid: <a href=""http://www.prisonersofthecensus.org/data/2010blocks/131150021002025/"">131150021002025</a></div><div>County: Floyd County</div><div>2010 Correctional Population: 355</div>"
-84.140369,34.203913,,"<div>Facility type: </div><div>Geoid: <a href=""http://www.prisonersofthecensus.org/data/2010blocks/131171304101002/"">131171304101002</a></div><div>County: Forsyth County</div><div>2010 Correctional Population: 4</div>"
-84.138403,34.205093,Forsyth County Jail,"<div>Facility type: Local</div><div>Geoid: <a href=""http://www.prisonersofthecensus.org/data/2010blocks/131171304102017/"">131171304102017</a></div><div>County: Forsyth County</div><div>2010 Correctional Population: 235</div>"
-83.245517,34.372027,Franklin County Jail,"<div>Facility type: Local</div><div>Geoid: <a href=""http://www.prisonersofthecensus.org/data/2010blocks/131198902003029/"">131198902003029</a></div><div>County: Franklin County</div><div>2010 Correctional Population: 65</div>"
-84.424563,33.777727,Fulton County Jail,"<div>Facility type: Local</div><div>Geoid: <a href=""http://www.prisonersofthecensus.org/data/2010blocks/131210007001000/"">131210007001000</a></div><div>County: Fulton County</div><div>2010 Correctional Population: 1894</div>"
-84.38238,33.774142,,"<div>Facility type: </div><div>Geoid: <a href=""http://www.prisonersofthecensus.org/data/2010blocks/131210012012004/"">131210012012004</a></div><div>County: Fulton County</div><div>2010 Correctional Population: 24</div>"
-84.3767,33.773003,Atlanta Transitional Center,"<div>Facility type: State</div><div>Geoid: <a href=""http://www.prisonersofthecensus.org/data/2010blocks/131210013003007/"">131210013003007</a></div><div>County: Fulton County</div><div>2010 Correctional Population: 253</div>"
-84.395289,33.747234,Atlanta City Jail,"<div>Facility type: Local</div><div>Geoid: <a href=""http://www.prisonersofthecensus.org/data/2010blocks/131210035002034/"">131210035002034</a></div><div>County: Fulton County</div><div>2010 Correctional Population: 453</div>"
-84.383053,33.704334,,"<div>Facility type: </div><div>Geoid: <a href=""http://www.prisonersofthecensus.org/data/2010blocks/131210067003022/"">131210067003022</a></div><div>County: Fulton County</div><div>2010 Correctional Population: 4</div>"
-84.367789,33.710293,Atlanta USP and Atlanta Camp,"<div>Facility type: Federal</div><div>Geoid: <a href=""http://www.prisonersofthecensus.org/data/2010blocks/131210068011000/"">131210068011000</a></div><div>County: Fulton County</div><div>2010 Correctional Population: 2389</div>"
-84.519633,33.768146,Comprehensive Sanction Center,"<div>Facility type: Private</div><div>Geoid: <a href=""http://www.prisonersofthecensus.org/data/2010blocks/131210078051003/"">131210078051003</a></div><div>County: Fulton County</div><div>2010 Correctional Population: 140</div>"
-84.522855,33.554946,,"<div>Facility type: </div><div>Geoid: <a href=""http://www.prisonersofthecensus.org/data/2010blocks/131210105151033/"">131210105151033</a></div><div>County: Fulton County</div><div>2010 Correctional Population: 7</div>"
-84.442343,33.680694,East Point City Jail,"<div>Facility type: Local</div><div>Geoid: <a href=""http://www.prisonersofthecensus.org/data/2010blocks/131210112023012/"">131210112023012</a></div><div>County: Fulton County</div><div>2010 Correctional Population: 12</div>"
-84.35944,34.020729,Roswell City Jail,"<div>Facility type: Local</div><div>Geoid: <a href=""http://www.prisonersofthecensus.org/data/2010blocks/131210114051021/"">131210114051021</a></div><div>County: Fulton County</div><div>2010 Correctional Population: 51</div>"
-84.28475,34.0665,Alpharetta Jail,"<div>Facility type: Local</div><div>Geoid: <a href=""http://www.prisonersofthecensus.org/data/2010blocks/131210116162019/"">131210116162019</a></div><div>County: Fulton County</div><div>2010 Correctional Population: 38</div>"
-84.447381,34.649995,Gilmer County Jail,"<div>Facility type: Local</div><div>Geoid: <a href=""http://www.prisonersofthecensus.org/data/2010blocks/131230805002002/"">131230805002002</a></div><div>County: Gilmer County</div><div>2010 Correctional Population: 113</div>"
-81.4964,31.153915,Glynn County Detention Center,"<div>Facility type: Local</div><div>Geoid: <a href=""http://www.prisonersofthecensus.org/data/2010blocks/131270008001031/"">131270008001031</a></div><div>County: Glynn County</div><div>2010 Correctional Population: 448</div>"
-84.939626,34.563905,Gordon County Jail,"<div>Facility type: Local</div><div>Geoid: <a href=""http://www.prisonersofthecensus.org/data/2010blocks/131299703003007/"">131299703003007</a></div><div>County: Gordon County</div><div>2010 Correctional Population: 281</div>"
-84.201797,30.892348,Grady County Detention Center,"<div>Facility type: Local</div><div>Geoid: <a href=""http://www.prisonersofthecensus.org/data/2010blocks/131319504003008/"">131319504003008</a></div><div>County: Grady County</div><div>2010 Correctional Population: 113</div>"
-83.191789,33.569202,Greene County Law Enforcement Center,"<div>Facility type: Local</div><div>Geoid: <a href=""http://www.prisonersofthecensus.org/data/2010blocks/131339503032038/"">131339503032038</a></div><div>County: Greene County</div><div>2010 Correctional Population: 61</div>"
-83.977997,33.983915,Gwinnett County Jail,"<div>Facility type: Local</div><div>Geoid: <a href=""http://www.prisonersofthecensus.org/data/2010blocks/131350505481026/"">131350505481026</a></div><div>County: Gwinnett County</div><div>2010 Correctional Population: 3030</div>"
-83.904052,34.091236,Phillips State Prison,"<div>Facility type: State</div><div>Geoid: <a href=""http://www.prisonersofthecensus.org/data/2010blocks/131350506091013/"">131350506091013</a></div><div>County: Gwinnett County</div><div>2010 Correctional Population: 824</div>"
-83.534226,34.610729,Habersham County Jail,"<div>Facility type: Local</div><div>Geoid: <a href=""http://www.prisonersofthecensus.org/data/2010blocks/131370003003056/"">131370003003056</a></div><div>County: Habersham County</div><div>2010 Correctional Population: 114</div>"
-83.597497,34.45122,Lee Arrendale Corr Inst,"<div>Facility type: State</div><div>Geoid: <a href=""http://www.prisonersofthecensus.org/data/2010blocks/131370006012032/"">131370006012032</a></div><div>County: Habersham County</div><div>2010 Correctional Population: 1545</div>"
-83.812037,34.309974,Hall County Correctional Institution,"<div>Facility type: Local</div><div>Geoid: <a href=""http://www.prisonersofthecensus.org/data/2010blocks/131390006003071/"">131390006003071</a></div><div>County: Hall County</div><div>2010 Correctional Population: 148</div>"
-83.817068,34.240468,Hall County Detention Center,"<div>Facility type: Local</div><div>Geoid: <a href=""http://www.prisonersofthecensus.org/data/2010blocks/131390012013050/"">131390012013050</a></div><div>County: Hall County</div><div>2010 Correctional Population: 1122</div>"
-82.950075,33.245598,Hancock State Prison,"<div>Facility type: State</div><div>Geoid: <a href=""http://www.prisonersofthecensus.org/data/2010blocks/131414804001044/"">131414804001044</a></div><div>County: Hancock County</div><div>2010 Correctional Population: 1329</div>"
-82.974395,33.278706,Hancock County Jail,"<div>Facility type: Local</div><div>Geoid: <a href=""http://www.prisonersofthecensus.org/data/2010blocks/131414804005002/"">131414804005002</a></div><div>County: Hancock County</div><div>2010 Correctional Population: 28</div>"
-85.179627,33.799854,Haralson County Jail,"<div>Facility type: Local</div><div>Geoid: <a href=""http://www.prisonersofthecensus.org/data/2010blocks/131430103022013/"">131430103022013</a></div><div>County: Haralson County</div><div>2010 Correctional Population: 99</div>"
-84.860845,32.764188,Harris County Jail,"<div>Facility type: Local</div><div>Geoid: <a href=""http://www.prisonersofthecensus.org/data/2010blocks/131451202002053/"">131451202002053</a></div><div>County: Harris County</div><div>2010 Correctional Population: 106</div>"
-84.865038,32.76582,Harris County Prison Camp,"<div>Facility type: Local</div><div>Geoid: <a href=""http://www.prisonersofthecensus.org/data/2010blocks/131451203001061/"">131451203001061</a></div><div>County: Harris County</div><div>2010 Correctional Population: 90</div>"
-82.932815,34.355587,Hart County Jail,"<div>Facility type: Local</div><div>Geoid: <a href=""http://www.prisonersofthecensus.org/data/2010blocks/131479604004066/"">131479604004066</a></div><div>County: Hart County</div><div>2010 Correctional Population: 41</div>"
-82.937663,34.313391,Bobby Joe Whitworth Probation Detention Center,"<div>Facility type: State</div><div>Geoid: <a href=""http://www.prisonersofthecensus.org/data/2010blocks/131479605004118/"">131479605004118</a></div><div>County: Hart County</div><div>2010 Correctional Population: 420</div>"
-85.11457,33.289793,Heard County Jail,"<div>Facility type: Local</div><div>Geoid: <a href=""http://www.prisonersofthecensus.org/data/2010blocks/131499701002038/"">131499701002038</a></div><div>County: Heard County</div><div>2010 Correctional Population: 57</div><div>Comment: This facility is actually located to the north, on the other side of rt 100.</div>"
-84.161054,33.419425,Henry County Jail,"<div>Facility type: Local</div><div>Geoid: <a href=""http://www.prisonersofthecensus.org/data/2010blocks/131510703042059/"">131510703042059</a></div><div>County: Henry County</div><div>2010 Correctional Population: 675</div>"
-83.662304,32.597355,,"<div>Facility type: </div><div>Geoid: <a href=""http://www.prisonersofthecensus.org/data/2010blocks/131530211045000/"">131530211045000</a></div><div>County: Houston County</div><div>2010 Correctional Population: 15</div>"
-83.69397,32.463362,Mcever Probation Detention Center,"<div>Facility type: State</div><div>Geoid: <a href=""http://www.prisonersofthecensus.org/data/2010blocks/131530214004124/"">131530214004124</a></div><div>County: Houston County</div><div>2010 Correctional Population: 162</div>"
-83.702217,32.46847,Houston County Jail,"<div>Facility type: Local</div><div>Geoid: <a href=""http://www.prisonersofthecensus.org/data/2010blocks/131530214004141/"">131530214004141</a></div><div>County: Houston County</div><div>2010 Correctional Population: 476</div>"
-83.257924,31.5804,Irwin County Jail,"<div>Facility type: Local</div><div>Geoid: <a href=""http://www.prisonersofthecensus.org/data/2010blocks/131559502005026/"">131559502005026</a></div><div>County: Irwin County</div><div>2010 Correctional Population: 534</div>"
-83.555817,34.144406,Jackson County Correctional Institution,"<div>Facility type: Local</div><div>Geoid: <a href=""http://www.prisonersofthecensus.org/data/2010blocks/131570107012024/"">131570107012024</a></div><div>County: Jackson County</div><div>2010 Correctional Population: 168</div>"
-83.556997,34.14484,Jackson County Jail,"<div>Facility type: Local</div><div>Geoid: <a href=""http://www.prisonersofthecensus.org/data/2010blocks/131570107012025/"">131570107012025</a></div><div>County: Jackson County</div><div>2010 Correctional Population: 177</div>"
-83.730005,33.318194,Jasper County Jail,"<div>Facility type: Local</div><div>Geoid: <a href=""http://www.prisonersofthecensus.org/data/2010blocks/131590105004053/"">131590105004053</a></div><div>County: Jasper County</div><div>2010 Correctional Population: 40</div>"
-82.600066,31.868211,Jeff Davis County Jail,"<div>Facility type: Local</div><div>Geoid: <a href=""http://www.prisonersofthecensus.org/data/2010blocks/131619602004046/"">131619602004046</a></div><div>County: Jeff Davis County</div><div>2010 Correctional Population: 44</div>"
-82.406689,33.021876,Jefferson County Correctional Institution,"<div>Facility type: State</div><div>Geoid: <a href=""http://www.prisonersofthecensus.org/data/2010blocks/131639603002003/"">131639603002003</a></div><div>County: Jefferson County</div><div>2010 Correctional Population: 179</div>"
-82.405908,33.020249,Jefferson County Jail,"<div>Facility type: Local</div><div>Geoid: <a href=""http://www.prisonersofthecensus.org/data/2010blocks/131639603002004/"">131639603002004</a></div><div>County: Jefferson County</div><div>2010 Correctional Population: 84</div>"
-82.675879,32.758798,Johnson State Prison,"<div>Facility type: State</div><div>Geoid: <a href=""http://www.prisonersofthecensus.org/data/2010blocks/131679602001024/"">131679602001024</a></div><div>County: Johnson County</div><div>2010 Correctional Population: 1562</div>"
-82.700958,32.743476,Johnson County Jail,"<div>Facility type: Local</div><div>Geoid: <a href=""http://www.prisonersofthecensus.org/data/2010blocks/131679602001049/"">131679602001049</a></div><div>County: Johnson County</div><div>2010 Correctional Population: 38</div>"
-83.529458,33.004899,Jones County Jail,"<div>Facility type: Local</div><div>Geoid: <a href=""http://www.prisonersofthecensus.org/data/2010blocks/131690303011023/"">131690303011023</a></div><div>County: Jones County</div><div>2010 Correctional Population: 157</div>"
-84.131122,33.051388,Lamar Pre-Release Center,"<div>Facility type: State</div><div>Geoid: <a href=""http://www.prisonersofthecensus.org/data/2010blocks/131719702001075/"">131719702001075</a></div><div>County: Lamar County</div><div>2010 Correctional Population: 203</div>"
-84.17441,33.044381,Lamar County Jail,"<div>Facility type: Local</div><div>Geoid: <a href=""http://www.prisonersofthecensus.org/data/2010blocks/131719703002039/"">131719703002039</a></div><div>County: Lamar County</div><div>2010 Correctional Population: 93</div>"
-83.061569,31.039537,Lanier County Jail,"<div>Facility type: Local</div><div>Geoid: <a href=""http://www.prisonersofthecensus.org/data/2010blocks/131739502002019/"">131739502002019</a></div><div>County: Lanier County</div><div>2010 Correctional Population: 208</div>"
-82.92229,32.491942,Laurens County Jail,"<div>Facility type: Local</div><div>Geoid: <a href=""http://www.prisonersofthecensus.org/data/2010blocks/131759508003146/"">131759508003146</a></div><div>County: Laurens County</div><div>2010 Correctional Population: 198</div>"
-83.050931,32.33652,Central Probation Detention Central,"<div>Facility type: State</div><div>Geoid: <a href=""http://www.prisonersofthecensus.org/data/2010blocks/131759514002033/"">131759514002033</a></div><div>County: Laurens County</div><div>2010 Correctional Population: 184</div>"
-84.229844,31.783081,Lee Arrendale Transitional Center,"<div>Facility type: State</div><div>Geoid: <a href=""http://www.prisonersofthecensus.org/data/2010blocks/131770203003005/"">131770203003005</a></div><div>County: Lee County</div><div>2010 Correctional Population: 63</div>"
-84.200327,31.761362,Lee Arrendale State Prison,"<div>Facility type: State</div><div>Geoid: <a href=""http://www.prisonersofthecensus.org/data/2010blocks/131770203003010/"">131770203003010</a></div><div>County: Lee County</div><div>2010 Correctional Population: 638</div>"
-81.643756,31.792022,Liberty County Jail,"<div>Facility type: Local</div><div>Geoid: <a href=""http://www.prisonersofthecensus.org/data/2010blocks/131790102081021/"">131790102081021</a></div><div>County: Liberty County</div><div>2010 Correctional Population: 250</div>"
-82.475127,33.794499,Lincoln County Jail,"<div>Facility type: Local</div><div>Geoid: <a href=""http://www.prisonersofthecensus.org/data/2010blocks/131819701004029/"">131819701004029</a></div><div>County: Lincoln County</div><div>2010 Correctional Population: 58</div>"
-81.717995,31.726563,Ludowici City Jail,"<div>Facility type: Local</div><div>Geoid: <a href=""http://www.prisonersofthecensus.org/data/2010blocks/131839702003068/"">131839702003068</a></div><div>County: Long County</div><div>2010 Correctional Population: 227</div>"
-83.204829,30.972112,Moody Air Force Base Jail,"<div>Facility type: Military</div><div>Geoid: <a href=""http://www.prisonersofthecensus.org/data/2010blocks/131850101024052/"">131850101024052</a></div><div>County: Lowndes County</div><div>2010 Correctional Population: 72</div>"
-83.354169,30.876522,Valdosta Correctional Institute,"<div>Facility type: State</div><div>Geoid: <a href=""http://www.prisonersofthecensus.org/data/2010blocks/131850102012039/"">131850102012039</a></div><div>County: Lowndes County</div><div>2010 Correctional Population: 1461</div>"
-83.270739,30.807114,Lowndes County Jail,"<div>Facility type: Local</div><div>Geoid: <a href=""http://www.prisonersofthecensus.org/data/2010blocks/131850114022056/"">131850114022056</a></div><div>County: Lowndes County</div><div>2010 Correctional Population: 638</div>"
-83.266062,30.805373,Lowndes County Jail,"<div>Facility type: Local</div><div>Geoid: <a href=""http://www.prisonersofthecensus.org/data/2010blocks/131850114022068/"">131850114022068</a></div><div>County: Lowndes County</div><div>2010 Correctional Population: 102</div>"
-83.977084,34.54161,Lumpkin County Jail,"<div>Facility type: Local</div><div>Geoid: <a href=""http://www.prisonersofthecensus.org/data/2010blocks/131879602023002/"">131879602023002</a></div><div>County: Lumpkin County</div><div>2010 Correctional Population: 120</div>"
-82.508327,33.454324,,"<div>Facility type: </div><div>Geoid: <a href=""http://www.prisonersofthecensus.org/data/2010blocks/131899504001041/"">131899504001041</a></div><div>County: McDuffie County</div><div>2010 Correctional Population: 134</div>"
-82.486295,33.456945,Mcduffie County Jail,"<div>Facility type: Local</div><div>Geoid: <a href=""http://www.prisonersofthecensus.org/data/2010blocks/131899504004013/"">131899504004013</a></div><div>County: McDuffie County</div><div>2010 Correctional Population: 148</div>"
-81.44904,31.413578,Mcintosh County Jail,"<div>Facility type: Local</div><div>Geoid: <a href=""http://www.prisonersofthecensus.org/data/2010blocks/131911103001043/"">131911103001043</a></div><div>County: McIntosh County</div><div>2010 Correctional Population: 71</div>"
-84.093556,32.259577,Macon State Prison,"<div>Facility type: State</div><div>Geoid: <a href=""http://www.prisonersofthecensus.org/data/2010blocks/131930003001097/"">131930003001097</a></div><div>County: Macon County</div><div>2010 Correctional Population: 1743</div>"
-84.056408,32.295529,Macon County Jail,"<div>Facility type: Local</div><div>Geoid: <a href=""http://www.prisonersofthecensus.org/data/2010blocks/131930003002067/"">131930003002067</a></div><div>County: Macon County</div><div>2010 Correctional Population: 32</div>"
-83.235651,34.146146,Madison County Jail,"<div>Facility type: Local</div><div>Geoid: <a href=""http://www.prisonersofthecensus.org/data/2010blocks/131950202001077/"">131950202001077</a></div><div>County: Madison County</div><div>2010 Correctional Population: 46</div>"
-84.525206,32.333381,Marion County Jail,"<div>Facility type: Local</div><div>Geoid: <a href=""http://www.prisonersofthecensus.org/data/2010blocks/131979202003014/"">131979202003014</a></div><div>County: Marion County</div><div>2010 Correctional Population: 26</div>"
-84.739429,31.182099,Miller County Jail,"<div>Facility type: Local</div><div>Geoid: <a href=""http://www.prisonersofthecensus.org/data/2010blocks/132019502001037/"">132019502001037</a></div><div>County: Miller County</div><div>2010 Correctional Population: 59</div>"
-84.145996,31.138347,,"<div>Facility type: </div><div>Geoid: <a href=""http://www.prisonersofthecensus.org/data/2010blocks/132050902001058/"">132050902001058</a></div><div>County: Mitchell County</div><div>2010 Correctional Population: 46</div>"
-84.210013,31.23136,Mitchell County Jail,"<div>Facility type: Local</div><div>Geoid: <a href=""http://www.prisonersofthecensus.org/data/2010blocks/132050903003017/"">132050903003017</a></div><div>County: Mitchell County</div><div>2010 Correctional Population: 23</div>"
-84.193891,31.233338,,"<div>Facility type: </div><div>Geoid: <a href=""http://www.prisonersofthecensus.org/data/2010blocks/132050904002015/"">132050904002015</a></div><div>County: Mitchell County</div><div>2010 Correctional Population: 136</div>"
-84.179525,31.225868,Mitchell County Correctional Institution,"<div>Facility type: Local</div><div>Geoid: <a href=""http://www.prisonersofthecensus.org/data/2010blocks/132050904002019/"">132050904002019</a></div><div>County: Mitchell County</div><div>2010 Correctional Population: 80</div>"
-84.143804,31.185078,Jimmy Autry Correctional Institution,"<div>Facility type: State</div><div>Geoid: <a href=""http://www.prisonersofthecensus.org/data/2010blocks/132050904002051/"">132050904002051</a></div><div>County: Mitchell County</div><div>2010 Correctional Population: 1651</div>"
-84.154454,31.125064,Pelham Municipal Jail,"<div>Facility type: Local</div><div>Geoid: <a href=""http://www.prisonersofthecensus.org/data/2010blocks/132050905003016/"">132050905003016</a></div><div>County: Mitchell County</div><div>2010 Correctional Population: 20</div>"
-83.974784,33.061806,Burruss Boot Camp,"<div>Facility type: State</div><div>Geoid: <a href=""http://www.prisonersofthecensus.org/data/2010blocks/132070502002000/"">132070502002000</a></div><div>County: Monroe County</div><div>2010 Correctional Population: 200</div>"
-83.982518,33.043565,Monroe County Jail,"<div>Facility type: Local</div><div>Geoid: <a href=""http://www.prisonersofthecensus.org/data/2010blocks/132070502002001/"">132070502002001</a></div><div>County: Monroe County</div><div>2010 Correctional Population: 143</div>"
-83.969521,33.05893,Burruss Correctional Training Center,"<div>Facility type: State</div><div>Geoid: <a href=""http://www.prisonersofthecensus.org/data/2010blocks/132070502002013/"">132070502002013</a></div><div>County: Monroe County</div><div>2010 Correctional Population: 580</div>"
-82.533269,32.144914,Montgomery Correctional Institution,"<div>Facility type: State</div><div>Geoid: <a href=""http://www.prisonersofthecensus.org/data/2010blocks/132099502003011/"">132099502003011</a></div><div>County: Montgomery County</div><div>2010 Correctional Population: 408</div>"
-83.446519,33.632263,Morgan County Detention Center,"<div>Facility type: Local</div><div>Geoid: <a href=""http://www.prisonersofthecensus.org/data/2010blocks/132110103003039/"">132110103003039</a></div><div>County: Morgan County</div><div>2010 Correctional Population: 70</div>"
-84.786759,34.77985,Murray County Jail,"<div>Facility type: Local</div><div>Geoid: <a href=""http://www.prisonersofthecensus.org/data/2010blocks/132130104001007/"">132130104001007</a></div><div>County: Murray County</div><div>2010 Correctional Population: 134</div>"
-84.983551,32.463891,Muscogee County Jail,"<div>Facility type: Local</div><div>Geoid: <a href=""http://www.prisonersofthecensus.org/data/2010blocks/132150025001004/"">132150025001004</a></div><div>County: Muscogee County</div><div>2010 Correctional Population: 953</div>"
-84.87924,32.495064,,"<div>Facility type: </div><div>Geoid: <a href=""http://www.prisonersofthecensus.org/data/2010blocks/132150106052004/"">132150106052004</a></div><div>County: Muscogee County</div><div>2010 Correctional Population: 5</div>"
-84.864401,32.495153,Muscogee County Prison and Rutledge State Prison,"<div>Facility type: State,Local</div><div>Geoid: <a href=""http://www.prisonersofthecensus.org/data/2010blocks/132150106061003/"">132150106061003</a></div><div>County: Muscogee County</div><div>2010 Correctional Population: 1357</div>"
-83.831865,33.631916,Newton County Jail,"<div>Facility type: Local</div><div>Geoid: <a href=""http://www.prisonersofthecensus.org/data/2010blocks/132171001004078/"">132171001004078</a></div><div>County: Newton County</div><div>2010 Correctional Population: 618</div>"
-83.813949,33.549584,,"<div>Facility type: </div><div>Geoid: <a href=""http://www.prisonersofthecensus.org/data/2010blocks/132171002013023/"">132171002013023</a></div><div>County: Newton County</div><div>2010 Correctional Population: 3</div>"
-83.862356,33.599675,Newton County Courthouse,"<div>Facility type: Local</div><div>Geoid: <a href=""http://www.prisonersofthecensus.org/data/2010blocks/132171004002066/"">132171004002066</a></div><div>County: Newton County</div><div>2010 Correctional Population: 32</div>"
-83.413776,33.868332,Oconee County Jail,"<div>Facility type: Local</div><div>Geoid: <a href=""http://www.prisonersofthecensus.org/data/2010blocks/132190304003044/"">132190304003044</a></div><div>County: Oconee County</div><div>2010 Correctional Population: 32</div>"
-83.126557,33.899881,Oglethorpe County Jail,"<div>Facility type: Local</div><div>Geoid: <a href=""http://www.prisonersofthecensus.org/data/2010blocks/132219602023074/"">132219602023074</a></div><div>County: Oglethorpe County</div><div>2010 Correctional Population: 57</div>"
-84.800044,33.955477,Paulding Probation Detention Center,"<div>Facility type: State</div><div>Geoid: <a href=""http://www.prisonersofthecensus.org/data/2010blocks/132231201021032/"">132231201021032</a></div><div>County: Paulding County</div><div>2010 Correctional Population: 137</div>"
-84.820137,33.945954,Paulding County Detention Center,"<div>Facility type: Local</div><div>Geoid: <a href=""http://www.prisonersofthecensus.org/data/2010blocks/132231201021038/"">132231201021038</a></div><div>County: Paulding County</div><div>2010 Correctional Population: 234</div>"
-84.447955,34.452859,Pickens County Jail,"<div>Facility type: Local</div><div>Geoid: <a href=""http://www.prisonersofthecensus.org/data/2010blocks/132270502004050/"">132270502004050</a></div><div>County: Pickens County</div><div>2010 Correctional Population: 104</div>"
-82.232011,31.301313,Pierce County Jail,"<div>Facility type: Local</div><div>Geoid: <a href=""http://www.prisonersofthecensus.org/data/2010blocks/132299604002041/"">132299604002041</a></div><div>County: Pierce County</div><div>2010 Correctional Population: 45</div>"
-84.342157,33.104215,Pike County Jail,"<div>Facility type: Local</div><div>Geoid: <a href=""http://www.prisonersofthecensus.org/data/2010blocks/132310101001063/"">132310101001063</a></div><div>County: Pike County</div><div>2010 Correctional Population: 26</div>"
-84.360996,33.115999,West Central Probation Detention Center,"<div>Facility type: State</div><div>Geoid: <a href=""http://www.prisonersofthecensus.org/data/2010blocks/132310101003002/"">132310101003002</a></div><div>County: Pike County</div><div>2010 Correctional Population: 186</div>"
-85.281284,34.019203,Polk County Jail,"<div>Facility type: Local</div><div>Geoid: <a href=""http://www.prisonersofthecensus.org/data/2010blocks/132330103003022/"">132330103003022</a></div><div>County: Polk County</div><div>2010 Correctional Population: 127</div>"
-83.457223,32.310716,Pulaski State Prison,"<div>Facility type: State</div><div>Geoid: <a href=""http://www.prisonersofthecensus.org/data/2010blocks/132359501001018/"">132359501001018</a></div><div>County: Pulaski County</div><div>2010 Correctional Population: 1149</div>"
-83.389918,33.304177,Putnam County Jail,"<div>Facility type: Local</div><div>Geoid: <a href=""http://www.prisonersofthecensus.org/data/2010blocks/132379602022022/"">132379602022022</a></div><div>County: Putnam County</div><div>2010 Correctional Population: 86</div>"
-83.391907,34.810352,Rabun County Jail,"<div>Facility type: Local</div><div>Geoid: <a href=""http://www.prisonersofthecensus.org/data/2010blocks/132419703021026/"">132419703021026</a></div><div>County: Rabun County</div><div>2010 Correctional Population: 67</div>"
-84.788938,31.772148,Randolph County Jail,"<div>Facility type: Local</div><div>Geoid: <a href=""http://www.prisonersofthecensus.org/data/2010blocks/132437902004081/"">132437902004081</a></div><div>County: Randolph County</div><div>2010 Correctional Population: 34</div>"
-81.950616,33.464697,Augusta Transitional Center,"<div>Facility type: State</div><div>Geoid: <a href=""http://www.prisonersofthecensus.org/data/2010blocks/132450006002030/"">132450006002030</a></div><div>County: Richmond County</div><div>2010 Correctional Population: 202</div><div>Comment: Facility is actually located to the east on Taylor St. at the intersection with 6th St.</div>"
-81.960187,33.465823,Augusta-Richmond County,"<div>Facility type: Local</div><div>Geoid: <a href=""http://www.prisonersofthecensus.org/data/2010blocks/132450006003017/"">132450006003017</a></div><div>County: Richmond County</div><div>2010 Correctional Population: 378</div>"
-82.18271,33.433164,Augusta Medical Corr Instit,"<div>Facility type: State</div><div>Geoid: <a href=""http://www.prisonersofthecensus.org/data/2010blocks/132450102044061/"">132450102044061</a></div><div>County: Richmond County</div><div>2010 Correctional Population: 1099</div>"
-82.011851,33.39092,Webster Detention Center,"<div>Facility type: Local</div><div>Geoid: <a href=""http://www.prisonersofthecensus.org/data/2010blocks/132450105111022/"">132450105111022</a></div><div>County: Richmond County</div><div>2010 Correctional Population: 516</div>"
-82.043576,33.368375,Richmond County Prison,"<div>Facility type: State</div><div>Geoid: <a href=""http://www.prisonersofthecensus.org/data/2010blocks/132450107101000/"">132450107101000</a></div><div>County: Richmond County</div><div>2010 Correctional Population: 209</div>"
-82.20879,33.293759,,"<div>Facility type: </div><div>Geoid: <a href=""http://www.prisonersofthecensus.org/data/2010blocks/132450109031102/"">132450109031102</a></div><div>County: Richmond County</div><div>2010 Correctional Population: 1</div>"
-84.055864,33.687699,Rockdale County Jail,"<div>Facility type: Local</div><div>Geoid: <a href=""http://www.prisonersofthecensus.org/data/2010blocks/132470602012010/"">132470602012010</a></div><div>County: Rockdale County</div><div>2010 Correctional Population: 495</div>"
-81.67378,32.740342,Screven County Jail,"<div>Facility type: Local</div><div>Geoid: <a href=""http://www.prisonersofthecensus.org/data/2010blocks/132519703001073/"">132519703001073</a></div><div>County: Screven County</div><div>2010 Correctional Population: 142</div>"
-84.884905,31.041916,Seminole County Jail,"<div>Facility type: Local</div><div>Geoid: <a href=""http://www.prisonersofthecensus.org/data/2010blocks/132532002003032/"">132532002003032</a></div><div>County: Seminole County</div><div>2010 Correctional Population: 28</div>"
-84.291538,33.242102,Spalding County Jail,"<div>Facility type: Local</div><div>Geoid: <a href=""http://www.prisonersofthecensus.org/data/2010blocks/132551607003010/"">132551607003010</a></div><div>County: Spalding County</div><div>2010 Correctional Population: 380</div>"
-84.293056,33.235411,Spalding County Correctional Institution,"<div>Facility type: Local</div><div>Geoid: <a href=""http://www.prisonersofthecensus.org/data/2010blocks/132551607003014/"">132551607003014</a></div><div>County: Spalding County</div><div>2010 Correctional Population: 378</div>"
-83.360295,34.60266,,"<div>Facility type: </div><div>Geoid: <a href=""http://www.prisonersofthecensus.org/data/2010blocks/132579701002028/"">132579701002028</a></div><div>County: Stephens County</div><div>2010 Correctional Population: 2</div>"
-84.787017,32.044542,Stewart Detention Center,"<div>Facility type: Federal</div><div>Geoid: <a href=""http://www.prisonersofthecensus.org/data/2010blocks/132599504002008/"">132599504002008</a></div><div>County: Stewart County</div><div>2010 Correctional Population: 1596</div><div>Comment: This facility is actually located to the southeast, on the south side of holder road.</div>"
-84.275575,32.074178,Sumter County Correctional Institution,"<div>Facility type: State</div><div>Geoid: <a href=""http://www.prisonersofthecensus.org/data/2010blocks/132619503005019/"">132619503005019</a></div><div>County: Sumter County</div><div>2010 Correctional Population: 543</div>"
-84.540288,32.67421,Talbot County Jail,"<div>Facility type: Local</div><div>Geoid: <a href=""http://www.prisonersofthecensus.org/data/2010blocks/132639602002047/"">132639602002047</a></div><div>County: Talbot County</div><div>2010 Correctional Population: 17</div>"
-82.117439,32.08604,Georgia State Prison,"<div>Facility type: State</div><div>Geoid: <a href=""http://www.prisonersofthecensus.org/data/2010blocks/132679502012059/"">132679502012059</a></div><div>County: Tattnall County</div><div>2010 Correctional Population: 1478</div><div>Comment: The Count Question Resolution Program says the correct location is Tract 950202 Block 1040, in the Reidsville CCD, and not in Reidsville City.</div>"
-82.182289,31.998456,Rogers State Prison,"<div>Facility type: State</div><div>Geoid: <a href=""http://www.prisonersofthecensus.org/data/2010blocks/132679502021031/"">132679502021031</a></div><div>County: Tattnall County</div><div>2010 Correctional Population: 670</div><div>Comment: The Court Question Resolution Program added the group quarters population from Tract 950202 Block 2097 to this population as well.</div>"
-82.138867,32.055376,Rogers State Prison,"<div>Facility type: State</div><div>Geoid: <a href=""http://www.prisonersofthecensus.org/data/2010blocks/132679502022097/"">132679502022097</a></div><div>County: Tattnall County</div><div>2010 Correctional Population: 872</div><div>Comment: The Count Question Resolution program says that this facility is actually located in Tract  950202 Block 1031, combined with the correctional population that was originally counted in that location, in the Reidsville CCD, and not in Reidsville City.</div>"
-81.974591,32.006544,Smith State Prison and Smith Transitional Center,"<div>Facility type: State</div><div>Geoid: <a href=""http://www.prisonersofthecensus.org/data/2010blocks/132679503001272/"">132679503001272</a></div><div>County: Tattnall County</div><div>2010 Correctional Population: 1604</div><div>Comment: Facility is actually located east of Rt. 301, just north of the Glennville city limits. The Count Question Resolution program says that this facility is actually located in Tract 9503 Blocks 1231 and 1232, in Glennville City instead of in Glennville CCD.</div>"
-84.330618,32.701677,Western Probation Detention Center,"<div>Facility type: State</div><div>Geoid: <a href=""http://www.prisonersofthecensus.org/data/2010blocks/132699501001019/"">132699501001019</a></div><div>County: Taylor County</div><div>2010 Correctional Population: 211</div>"
-84.23733,32.557194,Taylor County Jail,"<div>Facility type: Local</div><div>Geoid: <a href=""http://www.prisonersofthecensus.org/data/2010blocks/132699503003006/"">132699503003006</a></div><div>County: Taylor County</div><div>2010 Correctional Population: 20</div>"
-82.908282,32.088652,Telfair State Prison,"<div>Facility type: State</div><div>Geoid: <a href=""http://www.prisonersofthecensus.org/data/2010blocks/132719501002025/"">132719501002025</a></div><div>County: Telfair County</div><div>2010 Correctional Population: 1146</div>"
-82.897213,32.067491,Telfair County Jail,"<div>Facility type: Local</div><div>Geoid: <a href=""http://www.prisonersofthecensus.org/data/2010blocks/132719501004008/"">132719501004008</a></div><div>County: Telfair County</div><div>2010 Correctional Population: 27</div>"
-82.861364,32.040356,Mcrae Correctional Institute,"<div>Facility type: Private</div><div>Geoid: <a href=""http://www.prisonersofthecensus.org/data/2010blocks/132719501005088/"">132719501005088</a></div><div>County: Telfair County</div><div>2010 Correctional Population: 1744</div>"
-84.416488,31.740351,Terrell Detention Center,"<div>Facility type: State</div><div>Geoid: <a href=""http://www.prisonersofthecensus.org/data/2010blocks/132731204001063/"">132731204001063</a></div><div>County: Terrell County</div><div>2010 Correctional Population: 186</div>"
-83.912082,30.803305,Thomas County Prison,"<div>Facility type: Local</div><div>Geoid: <a href=""http://www.prisonersofthecensus.org/data/2010blocks/132759610003002/"">132759610003002</a></div><div>County: Thomas County</div><div>2010 Correctional Population: 181</div>"
-83.516724,31.455938,Tift County Jail,"<div>Facility type: Local</div><div>Geoid: <a href=""http://www.prisonersofthecensus.org/data/2010blocks/132779607001003/"">132779607001003</a></div><div>County: Tift County</div><div>2010 Correctional Population: 202</div>"
-83.828106,34.983849,Towns County Detention Center,"<div>Facility type: Local</div><div>Geoid: <a href=""http://www.prisonersofthecensus.org/data/2010blocks/132819601001021/"">132819601001021</a></div><div>County: Towns County</div><div>2010 Correctional Population: 38</div>"
-82.591245,32.376313,Treutlen County Jail,"<div>Facility type: Local</div><div>Geoid: <a href=""http://www.prisonersofthecensus.org/data/2010blocks/132839602004039/"">132839602004039</a></div><div>County: Treutlen County</div><div>2010 Correctional Population: 23</div>"
-82.600255,32.358769,Treutlen Boot Camp,"<div>Facility type: State</div><div>Geoid: <a href=""http://www.prisonersofthecensus.org/data/2010blocks/132839602005050/"">132839602005050</a></div><div>County: Treutlen County</div><div>2010 Correctional Population: 278</div>"
-84.969149,33.027442,Lagrange Transitional Center,"<div>Facility type: State</div><div>Geoid: <a href=""http://www.prisonersofthecensus.org/data/2010blocks/132859606001035/"">132859606001035</a></div><div>County: Troup County</div><div>2010 Correctional Population: 154</div>"
-85.006919,32.980238,Troup County Correctional Institution,"<div>Facility type: Local</div><div>Geoid: <a href=""http://www.prisonersofthecensus.org/data/2010blocks/132859607004019/"">132859607004019</a></div><div>County: Troup County</div><div>2010 Correctional Population: 795</div>"
-83.63377,31.685858,Turner County Jail,"<div>Facility type: Local</div><div>Geoid: <a href=""http://www.prisonersofthecensus.org/data/2010blocks/132879703001003/"">132879703001003</a></div><div>County: Turner County</div><div>2010 Correctional Population: 37</div>"
-83.640495,31.678408,Turner Pre-Release Center,"<div>Facility type: State</div><div>Geoid: <a href=""http://www.prisonersofthecensus.org/data/2010blocks/132879703001016/"">132879703001016</a></div><div>County: Turner County</div><div>2010 Correctional Population: 212</div>"
-83.944534,34.87789,Carlton Colwell Probation Detention Center,"<div>Facility type: State</div><div>Geoid: <a href=""http://www.prisonersofthecensus.org/data/2010blocks/132910002052022/"">132910002052022</a></div><div>County: Union County</div><div>2010 Correctional Population: 173</div>"
-83.938661,34.872821,Union County Jail,"<div>Facility type: Local</div><div>Geoid: <a href=""http://www.prisonersofthecensus.org/data/2010blocks/132910002052077/"">132910002052077</a></div><div>County: Union County</div><div>2010 Correctional Population: 57</div>"
-84.341152,32.939955,Upson County Jail,"<div>Facility type: Local</div><div>Geoid: <a href=""http://www.prisonersofthecensus.org/data/2010blocks/132930102013016/"">132930102013016</a></div><div>County: Upson County</div><div>2010 Correctional Population: 194</div>"
-85.262419,34.808531,Walker Correctional Institution,"<div>Facility type: State</div><div>Geoid: <a href=""http://www.prisonersofthecensus.org/data/2010blocks/132950206012016/"">132950206012016</a></div><div>County: Walker County</div><div>2010 Correctional Population: 616</div>"
-85.280114,34.704432,Walker County Jail,"<div>Facility type: Local</div><div>Geoid: <a href=""http://www.prisonersofthecensus.org/data/2010blocks/132950207003024/"">132950207003024</a></div><div>County: Walker County</div><div>2010 Correctional Population: 201</div>"
-83.696057,33.774035,Walton County Jail,"<div>Facility type: Local</div><div>Geoid: <a href=""http://www.prisonersofthecensus.org/data/2010blocks/132971107004009/"">132971107004009</a></div><div>County: Walton County</div><div>2010 Correctional Population: 447</div>"
-82.414695,31.253669,Ware County Jail,"<div>Facility type: Local</div><div>Geoid: <a href=""http://www.prisonersofthecensus.org/data/2010blocks/132999502002030/"">132999502002030</a></div><div>County: Ware County</div><div>2010 Correctional Population: 368</div>"
-82.408161,31.253888,,"<div>Facility type: </div><div>Geoid: <a href=""http://www.prisonersofthecensus.org/data/2010blocks/132999502002034/"">132999502002034</a></div><div>County: Ware County</div><div>2010 Correctional Population: 29</div>"
-82.39621,31.256829,Ware State Prison,"<div>Facility type: State</div><div>Geoid: <a href=""http://www.prisonersofthecensus.org/data/2010blocks/132999502002038/"">132999502002038</a></div><div>County: Ware County</div><div>2010 Correctional Population: 1529</div>"
-82.830261,32.959052,Washington County Jail,"<div>Facility type: Local</div><div>Geoid: <a href=""http://www.prisonersofthecensus.org/data/2010blocks/133039503002063/"">133039503002063</a></div><div>County: Washington County</div><div>2010 Correctional Population: 69</div>"
-82.593757,32.990898,Washington Corr. Institution,"<div>Facility type: State</div><div>Geoid: <a href=""http://www.prisonersofthecensus.org/data/2010blocks/133039505001057/"">133039505001057</a></div><div>County: Washington County</div><div>2010 Correctional Population: 1555</div>"
-81.909664,31.587837,Wayne County Correction Facility,"<div>Facility type: Local</div><div>Geoid: <a href=""http://www.prisonersofthecensus.org/data/2010blocks/133059703004025/"">133059703004025</a></div><div>County: Wayne County</div><div>2010 Correctional Population: 124</div>"
-81.900965,31.560442,FCI Jesup,"<div>Facility type: Federal</div><div>Geoid: <a href=""http://www.prisonersofthecensus.org/data/2010blocks/133059705001037/"">133059705001037</a></div><div>County: Wayne County</div><div>2010 Correctional Population: 1943</div>"
-82.776625,32.144293,Wheeler Correctional Facility,"<div>Facility type: Private</div><div>Geoid: <a href=""http://www.prisonersofthecensus.org/data/2010blocks/133097802003065/"">133097802003065</a></div><div>County: Wheeler County</div><div>2010 Correctional Population: 1911</div>"
-83.758383,34.614805,White County Jail,"<div>Facility type: Local</div><div>Geoid: <a href=""http://www.prisonersofthecensus.org/data/2010blocks/133119502032106/"">133119502032106</a></div><div>County: White County</div><div>2010 Correctional Population: 62</div>"
-84.988487,34.792563,Whitfield County Jail,"<div>Facility type: Local</div><div>Geoid: <a href=""http://www.prisonersofthecensus.org/data/2010blocks/133130005024018/"">133130005024018</a></div><div>County: Whitfield County</div><div>2010 Correctional Population: 374</div>"
-83.305539,31.992581,Wilcox County Jail,"<div>Facility type: Local</div><div>Geoid: <a href=""http://www.prisonersofthecensus.org/data/2010blocks/133159601001100/"">133159601001100</a></div><div>County: Wilcox County</div><div>2010 Correctional Population: 18</div>"
-83.307724,31.986536,Wilcox State Prison,"<div>Facility type: State</div><div>Geoid: <a href=""http://www.prisonersofthecensus.org/data/2010blocks/133159601001122/"">133159601001122</a></div><div>County: Wilcox County</div><div>2010 Correctional Population: 1829</div>"
-82.73586,33.686017,Wilkes Pre-Release Center,"<div>Facility type: State</div><div>Geoid: <a href=""http://www.prisonersofthecensus.org/data/2010blocks/133170103023043/"">133170103023043</a></div><div>County: Wilkes County</div><div>2010 Correctional Population: 215</div>"
-82.723389,33.720302,Cecil A Moore Law Enforcement Center,"<div>Facility type: Local</div><div>Geoid: <a href=""http://www.prisonersofthecensus.org/data/2010blocks/133170103024022/"">133170103024022</a></div><div>County: Wilkes County</div><div>2010 Correctional Population: 51</div>"
-83.175591,32.804325,Wilkinson County Jail,"<div>Facility type: Local</div><div>Geoid: <a href=""http://www.prisonersofthecensus.org/data/2010blocks/133199602003005/"">133199602003005</a></div><div>County: Wilkinson County</div><div>2010 Correctional Population: 39</div>"
-83.836555,31.527954,Worth County Jail,"<div>Facility type: Local</div><div>Geoid: <a href=""http://www.prisonersofthecensus.org/data/2010blocks/133219505003040/"">133219505003040</a></div><div>County: Worth County</div><div>2010 Correctional Population: 26</div>"
